1,Mon 06 May,3:59 AM,6:30 PM
2,Tue 07 May,3:58 AM,6:30 PM
3,Wed 08 May,3:57 AM,6:31 PM
4,Thu 09 May,3:57 AM,6:31 PM
5,Fri 10 May,3:56 AM,6:32 PM
6,Sat 11 May,3:55 AM,6:32 PM
7,Sun 12 May,3:54 AM,6:33 PM
8,Mon 13 May,3:54 AM,6:33 PM
9,Tue 14 May,3:53 AM,6:34 PM
10,Wed 15 May,3:52 AM,6:34 PM
11,Thu 16 May,3:52 AM,6:35 PM
12,Fri 17 May,3:51 AM,6:35 PM
13,Sat 18 May,3:50 AM,6:36 PM
14,Sun 19 May,3:50 AM,6:36 PM
15,Mon 20 May,3:49 AM,6:37 PM
16,Tue 21 May,3:49 AM,6:37 PM
17,Wed 22 May,3:48 AM,6:38 PM
18,Thu 23 May,3:48 AM,6:38 PM
19,Fri 24 May,3:47 AM,6:39 PM
20,Sat 25 May,3:47 AM,6:39 PM
21,Sun 26 May,3:46 AM,6:39 PM
22,Mon 27 May,3:46 AM,6:40 PM
23,Tue 28 May,3:45 AM,6:40 PM
24,Wed 29 May,3:45 AM,6:41 PM
25,Thu 30 May,3:45 AM,6:41 PM
26,Fri 31 May,3:44 AM,6:42 PM
27,Sat 01 June,3:44 AM,6:42 PM
28,Sun 02 June,3:44 AM,6:43 PM
29,Mon 03 June,3:43 AM,6:43 PM
30,Tue 04 June,3:43 AM,6:43 PM
